feature,importance_mean,importance_std
mileage_num,6874.707310985269,5601.323988946922
vehicle_age,888.6790493436438,597.3139465020132
body_type,655.8612777777773,418.5711470093118
condition,386.9528888888888,345.5307576537009
drive_type,345.7187777777773,297.909808353567
make,24.706333333332985,31.160533471795695
model,1.200000000000091,0.7916228058026006
title_status,0.0,0.0
fuel_type,0.0,0.0
color,-40.365555555556604,56.41387288777096
transmission,-151.72666666666674,137.2223761312677
