feature,importance_mean,importance_std
year_num,1615.132993511271,433.336296556032
condition,697.7690307043943,145.7664488722353
vehicle_age,585.7688661448917,145.8945292689066
miles_per_year,446.46050973309156,254.46622761289
mileage_num,156.6017660044141,20.605959554251623
body_type,137.78413004214235,71.952451811911
color,8.923604254464408,17.988813998337843
make,0.0,0.0
model,0.0,0.0
transmission,0.0,0.0
title_status,0.0,0.0
fuel_type,0.0,0.0
drive_type,0.0,0.0
